Account,MacroAccount,Description
C002,COMMODITY,Canola (including rapeseed)
C003,COMMODITY,Oilseeds (except canola)
C004,COMMODITY,Wheat
C005,COMMODITY,Grains (except wheat)
C006,COMMODITY,Fresh potatoes
C007,COMMODITY,Fruits and tree nuts
C008,COMMODITY,Other crop products
C009,COMMODITY,Fresh vegetables (except potatoes)
C010,COMMODITY,Imputed feed (animal feed produced for own consumption)
C011,COMMODITY,Nursery and floriculture products (except cannabis)
C012,COMMODITY,Cattle and calves
C013,COMMODITY,Unprocessed fluid milk
C014,COMMODITY,Hogs
C015,COMMODITY,Eggs in shell
C016,COMMODITY,Poultry
C017,COMMODITY,Other live animals
C018,COMMODITY,"Raw furskins, and animal products n.e.c."
C019,COMMODITY,Imputed fertilizer (fertilizer produced for own consumption)
C020,COMMODITY,Logs and bolts
C021,COMMODITY,Pulpwood
C022,COMMODITY,Fuel wood
C023,COMMODITY,"Rough untreated poles, posts and piling"
C024,COMMODITY,"Fish, crustaceans, shellfish and other fishery products"
C025,COMMODITY,Custom work services for forestry
C026,COMMODITY,Support services for crop production
C027,COMMODITY,"Support services for animal production, hunting and fishing"
C028,COMMODITY,Support services for forestry
C029,COMMODITY,Conventional and synthetic crude oil
C030,COMMODITY,Natural gas
C031,COMMODITY,Natural gas liquids and related products
C032,COMMODITY,Crude and diluted bitumen
C033,COMMODITY,Coal
C034,COMMODITY,Iron ores and concentrates
C035,COMMODITY,Gold and silver ores and concentrates
C038,COMMODITY,Stone
C039,COMMODITY,"Sand, gravel, clay, and refractory minerals"
C040,COMMODITY,Uncut and industrial diamonds
C041,COMMODITY,Potash
C042,COMMODITY,Non-metallic minerals (except diamonds)
C043,COMMODITY,Support services for oil and gas extraction (except exploration)
C044,COMMODITY,Support services for mining and quarrying (except exploration)
C045,COMMODITY,Mineral and oil and gas exploration
C046,COMMODITY,Electricity
C047,COMMODITY,Natural gas distribution
C048,COMMODITY,Water delivered by water works and irrigation systems
C049,COMMODITY,Sewage and dirty water disposal and cleaning services
C050,COMMODITY,Steam and heated or cooled air or water
C051,COMMODITY,Residential construction
C052,COMMODITY,Industrial buildings
C053,COMMODITY,Office buildings
C054,COMMODITY,"Shopping centers, plazas, malls and stores"
C055,COMMODITY,Other commercial buildings
C056,COMMODITY,"Schools, colleges, universities and other educational buildings"
C057,COMMODITY,Health care buildings
C058,COMMODITY,Other institutional buildings
C059,COMMODITY,"Highways, roads, streets, bridges and tunnels"
C060,COMMODITY,Other transportation construction
C061,COMMODITY,Production facilities in oil and gas extraction
C062,COMMODITY,Other oil and gas engineering construction
C063,COMMODITY,Electric power engineering construction
C064,COMMODITY,Communication engineering construction
C065,COMMODITY,Marine engineering construction
C066,COMMODITY,Waterworks engineering construction
C067,COMMODITY,Sewage engineering construction
C068,COMMODITY,Mining engineering construction
C069,COMMODITY,Other engineering construction
C070,COMMODITY,Repair construction services
C071,COMMODITY,Dog and cat food
C072,COMMODITY,Other animal feed
C073,COMMODITY,Flour and other grain mill products
C074,COMMODITY,Margarine and cooking oils
C075,COMMODITY,Breakfast cereal and other cereal products
C076,COMMODITY,"Grain and oilseed products, not elsewhere classified"
C077,COMMODITY,Sugar and sugar mill by-products
C078,COMMODITY,Chocolate (except confectionery)
C079,COMMODITY,Confectionery products
C080,COMMODITY,"Fresh, frozen and canned fruit and vegetable juices"
C081,COMMODITY,Preserved fruit and vegetables and frozen foods
C082,COMMODITY,Processed fluid milk and milk products
C083,COMMODITY,Cheese and cheese products
C084,COMMODITY,Butter and dry and canned dairy products
C085,COMMODITY,"Ice cream, sherbet and similar frozen desserts"
C086,COMMODITY,Fresh and frozen beef and veal
C087,COMMODITY,Fresh and frozen pork
C088,COMMODITY,Fresh and frozen poultry of all types
C089,COMMODITY,Fresh and frozen lamb and goat meat
C090,COMMODITY,"Processed meat products, other miscellaneous meats and animal by-products"
C091,COMMODITY,Prepared and packaged seafood products
C092,COMMODITY,"Bread, rolls and flatbreads"
C093,COMMODITY,"Cookies, crackers and baked sweet goods"
C094,COMMODITY,"Flour mixes, dough and dry pasta"
C095,COMMODITY,Snack food products
C096,COMMODITY,Coffee and tea
C097,COMMODITY,"Flavouring syrups, seasonings and dressings"
C098,COMMODITY,"Other food products, n.e.c."
C099,COMMODITY,"Bottled water, soft drinks and ice"
C100,COMMODITY,Beer
C101,COMMODITY,Wine and brandy
C102,COMMODITY,Distilled liquor
C104,COMMODITY,"Fibre, yarn and thread"
C105,COMMODITY,Fabrics
C106,COMMODITY,"Carpets, rugs and mats"
C107,COMMODITY,Other textile furnishings
C108,COMMODITY,"Textile products, n.e.c."
C109,COMMODITY,Textile and fabric finishing and coating services
C110,COMMODITY,"Men's, women's, boys' and girls' clothing"
C111,COMMODITY,Infant clothing
C112,COMMODITY,Clothing accessories
C113,COMMODITY,Leather and dressed furs
C114,COMMODITY,Footwear
C115,COMMODITY,"Suitcases, handbags and other leather and allied products"
C116,COMMODITY,Hardwood lumber
C117,COMMODITY,Softwood lumber
C118,COMMODITY,Wood chips
C119,COMMODITY,Other sawmill products and treated wood products
C120,COMMODITY,Veneer and plywood
C121,COMMODITY,Wood trusses and engineered wood members
C122,COMMODITY,Reconstituted wood products
C123,COMMODITY,Wood windows and doors
C124,COMMODITY,Other wood millwork products
C125,COMMODITY,Wood containers and pallets
C126,COMMODITY,"Prefabricated wood buildings, components and other miscellaneous wood products"
C127,COMMODITY,Waste and scrap of wood and wood by-products
C128,COMMODITY,Wood pulp
C129,COMMODITY,Paper (except newsprint)
C130,COMMODITY,Newsprint
C131,COMMODITY,Paperboard
C132,COMMODITY,Paperboard containers
C133,COMMODITY,Paper office supplies
C134,COMMODITY,Disposable diapers and feminine hygiene products
C135,COMMODITY,Sanitary paper products
C136,COMMODITY,Other converted paper products
C137,COMMODITY,Waste and scrap of paper and paperboard
C138,COMMODITY,Printed products
C139,COMMODITY,Support services for printing
C140,COMMODITY,Contract printing services for publishers
C141,COMMODITY,Gasoline
C142,COMMODITY,Diesel and biodiesel fuels
C143,COMMODITY,Light fuel oils
C144,COMMODITY,Jet fuel
C145,COMMODITY,Heavy fuel oils
C146,COMMODITY,Asphalt (except natural) and asphalt products
C147,COMMODITY,Coke and other coke oven products
C149,COMMODITY,Petrochemicals
C150,COMMODITY,Industrial gases
C151,COMMODITY,Dyes and pigments
C152,COMMODITY,Other basic inorganic chemicals
C153,COMMODITY,"Basic organic chemicals, n.e.c."
C154,COMMODITY,Plastic resins
C155,COMMODITY,Rubber and rubber compounds and mixtures
C156,COMMODITY,Artificial and synthetic fibres and filaments
C157,COMMODITY,Ammonia and chemical fertilizers
C158,COMMODITY,Pesticides and other agricultural chemicals
C159,COMMODITY,Pharmaceutical and medicinal products
C160,COMMODITY,"Paints, coatings and adhesive products"
C161,COMMODITY,Soaps and cleaning compounds
C162,COMMODITY,Perfumes and toiletries
C163,COMMODITY,"Chemical products, n.e.c."
C164,COMMODITY,Plastic bags
C165,COMMODITY,Plastic films and non-rigid sheets
C166,COMMODITY,Plastic and foam building and construction materials
C167,COMMODITY,Plastic profile shapes
C168,COMMODITY,Foam products (except for construction)
C169,COMMODITY,Plastic bottles
C170,COMMODITY,Motor vehicle plastic parts
C171,COMMODITY,"Plastic products, n.e.c."
C172,COMMODITY,Tires
C173,COMMODITY,Rubber and plastic hoses and belts
C174,COMMODITY,"Rubber products, n.e.c."
C175,COMMODITY,Waste and scrap of plastic and rubber
C176,COMMODITY,Cement
C177,COMMODITY,Ready-mixed concrete
C178,COMMODITY,Concrete products
C179,COMMODITY,Clay and ceramic products and refractories
C180,COMMODITY,"Glass (including automotive), glass products and glass containers"
C181,COMMODITY,Waste and scrap of glass
C182,COMMODITY,Lime and gypsum products
C183,COMMODITY,"Non-metallic mineral products, n.e.c."
C184,COMMODITY,Iron and steel basic shapes and ferro-alloy products
C185,COMMODITY,Iron and steel pipes and tubes (except castings)
C186,COMMODITY,Wire and other rolled and drawn steel products
C188,COMMODITY,Basic and semi-finished products of aluminum and alloys
C191,COMMODITY,Basic and semi-finished products of non-ferrous metals and alloys (except aluminum)
C192,COMMODITY,Ferrous metal castings
C193,COMMODITY,Non-ferrous metal castings
C194,COMMODITY,Waste and scrap of iron and steel
C195,COMMODITY,Waste and scrap of non-ferrous metals
C196,COMMODITY,Forged and stamped metal products
C197,COMMODITY,Prefabricated metal buildings and components
C198,COMMODITY,Fabricated steel plates and other fabricated structural metal
C199,COMMODITY,Metal windows and doors
C200,COMMODITY,Other ornamental and architectural metal products
C201,COMMODITY,"Light gauge metal containers, crowns and closures"
C202,COMMODITY,"Boilers, tanks and heavy gauge metal containers"
C203,COMMODITY,"Builders, motor vehicle and other hardware"
C204,COMMODITY,Springs and wire products
C205,COMMODITY,Threaded metal fasteners and other turned metal products including automotive
C206,COMMODITY,"Coating, engraving, heat treating and similar metal processing services"
C207,COMMODITY,"Hand tools, kitchen utensils and cutlery (except precious metal)"
C208,COMMODITY,Metal valves and pipe fittings
C209,COMMODITY,Ball and roller bearings
C210,COMMODITY,"Guns, ammunition and other munitions"
C211,COMMODITY,"Fabricated metal products, not elsewhere classified"
C212,COMMODITY,"Agricultural, lawn and garden machinery and equipment"
C213,COMMODITY,"Logging, mining and construction machinery and equipment"
C214,COMMODITY,Other industry-specific machinery
C215,COMMODITY,Commercial and service industry machinery
C216,COMMODITY,"Industrial and commercial fans, blowers and air purification equipment"
C217,COMMODITY,Heating and cooling equipment (except household refrigerators and freezers)
C218,COMMODITY,Metalworking machinery and industrial moulds
C219,COMMODITY,"Turbines, turbine generators, and turbine generator sets"
C220,COMMODITY,Other engine and power transmission equipment
C221,COMMODITY,Pumps and compressors (except fluid power)
C222,COMMODITY,Material handling equipment
C223,COMMODITY,Other miscellaneous general-purpose machinery
C224,COMMODITY,Parts of computers and computer peripheral (except printed circuit assemblies)
C225,COMMODITY,Computers and computer peripheral equipment
C226,COMMODITY,Telephone apparatus
C227,COMMODITY,Other communications equipment
C228,COMMODITY,Audio and video equipment and unrecorded media
C229,COMMODITY,Navigational and guidance instruments
C230,COMMODITY,"Measuring, medical and controlling devices"
C231,COMMODITY,Unrecorded magnetic and optical recording media
C232,COMMODITY,"Printed and integrated circuits, semiconductors and printed circuit assemblies"
C233,COMMODITY,Other electronic components
C234,COMMODITY,Electric light bulbs and tubes
C235,COMMODITY,Lighting fixtures
C236,COMMODITY,Small electric appliances
C237,COMMODITY,Major appliances
C238,COMMODITY,"Power, distribution and other transformers"
C239,COMMODITY,Electric motors and generators
C240,COMMODITY,"Switchgear, switchboards, relays and industrial control apparatus"
C241,COMMODITY,Batteries
C242,COMMODITY,Communication and electric wire and cable
C243,COMMODITY,Wiring devices
C244,COMMODITY,Other electrical equipment and components
C245,COMMODITY,Passenger cars
C246,COMMODITY,"Light-duty trucks, vans and sport utility vehicles (SUVs)"
C247,COMMODITY,Medium and heavy-duty trucks and chassis
C248,COMMODITY,Buses
C249,COMMODITY,Motor vehicle bodies and special purpose motor vehicles
C250,COMMODITY,Freight and utility trailers
C251,COMMODITY,"Motor homes, travel trailers and camping trailers"
C252,COMMODITY,Motor vehicle gasoline engines and engine parts
C253,COMMODITY,Motor vehicle electrical and electronic equipment and instruments
C254,COMMODITY,Motor vehicle steering and suspension components
C255,COMMODITY,Motor vehicle brakes and brake systems
C256,COMMODITY,Motor vehicle transmission and power train parts
C257,COMMODITY,"Motor vehicle interior trim, seats and seat parts"
C258,COMMODITY,Motor vehicle metal stamping
C259,COMMODITY,Other miscellaneous motor vehicle parts
C261,COMMODITY,Aircraft parts and other aerospace equipment
C262,COMMODITY,"Locomotives, railway rolling stock, and rapid transit equipment"
C263,COMMODITY,Parts of railway rolling stock
C264,COMMODITY,Ships
C265,COMMODITY,Boats and personal watercraft
C266,COMMODITY,Other transportation equipment and related parts
C267,COMMODITY,Wood kitchen cabinets and counter tops
C268,COMMODITY,Household furniture
C269,COMMODITY,"Institutional and other furniture, n.e.c."
C270,COMMODITY,Office furniture
C271,COMMODITY,Office and store fixtures
C272,COMMODITY,Mattresses and foundations
C273,COMMODITY,Blinds and shades
C274,COMMODITY,"Medical, dental and personal safety supplies, instruments and equipment"
C275,COMMODITY,Jewellery and silverware
C276,COMMODITY,Sporting and athletic goods
C277,COMMODITY,Toys and games
C278,COMMODITY,Office supplies (except paper)
C279,COMMODITY,Signs
C280,COMMODITY,Other miscellaneous manufactured products
C281,COMMODITY,"Custom work manufacturing services (except printing, finishing textiles and metals)"
C282,COMMODITY,Wholesale margins
C283,COMMODITY,Wholesale trade commissions
C284,COMMODITY,Retail margins
C285,COMMODITY,Used motor vehicles
C286,COMMODITY,Other used consumer goods
C287,COMMODITY,Retail trade commissions
C288,COMMODITY,Air passenger transportation services
C289,COMMODITY,Air freight transportation services
C290,COMMODITY,Air specialty services
C291,COMMODITY,Rail passenger transportation services
C292,COMMODITY,Rail freight transportation services
C293,COMMODITY,Water passenger transportation services
C294,COMMODITY,Water freight transportation services
C295,COMMODITY,Moving services
C296,COMMODITY,General freight truck transportation services
C297,COMMODITY,Specialized freight truck transportation services
C298,COMMODITY,Urban transit services
C299,COMMODITY,Interurban and rural bus passenger transportation services
C300,COMMODITY,School bus services
C301,COMMODITY,Other transit and passenger transportation services by road
C302,COMMODITY,Scenic and sightseeing tour services
C303,COMMODITY,Taxi and limousine services
C304,COMMODITY,Transportation of natural gas by pipeline
C305,COMMODITY,Transportation of crude oil and other commodities by pipeline
C306,COMMODITY,Air transportation support services
C307,COMMODITY,Aircraft maintenance and repair services
C308,COMMODITY,"Rail transportation support, maintenance and repair services"
C309,COMMODITY,"Water transportation support, maintenance and repair services"
C310,COMMODITY,Road transportation support services
C311,COMMODITY,Freight transportation arrangement and customs brokering services
C312,COMMODITY,Other transportation support services
C314,COMMODITY,Grain storage
C315,COMMODITY,Warehousing and storage services (except grain storage)
C316,COMMODITY,Newspapers
C317,COMMODITY,Advertising space in printed newspapers
C318,COMMODITY,Periodicals
C319,COMMODITY,Books
C320,COMMODITY,Other published products
C321,COMMODITY,Advertising space in printed periodicals and in other printed publications
C322,COMMODITY,"Licensing fees to distribute or reproduce published products, print and electronic"
C323,COMMODITY,General purpose software
C324,COMMODITY,"Recorded movies, television programs and videos"
C325,COMMODITY,"Movie, television program and video production, post-production and editing services"
C326,COMMODITY,Licensing of rights to use audiovisual works
C327,COMMODITY,Admissions to motion picture film exhibitions
C328,COMMODITY,Recorded music and other sound recordings
C329,COMMODITY,Audio recording services and copyright administration
C330,COMMODITY,Licensing of rights to use musical works and sound recordings
C331,COMMODITY,Advertising air time on radio
C332,COMMODITY,Advertising air time on television
C333,COMMODITY,Fees for the distribution of television and radio program channels (affiliation payments)
C334,COMMODITY,Fixed telecommunications services (except Internet access)
C335,COMMODITY,Mobile telecommunications services
C336,COMMODITY,"Cable, satellite and other program distribution services"
C337,COMMODITY,Fixed Internet access services
C338,COMMODITY,"Data processing, hosting, and related services"
C339,COMMODITY,Subscriptions for online content
C340,COMMODITY,Internet advertising
C341,COMMODITY,Other information services
C342,COMMODITY,Central banking services
C343,COMMODITY,Local credit union services - explicit charges (fees)
C344,COMMODITY,Banking and other depository credit intermediation services - explicit charges
C345,COMMODITY,Non-depository credit intermediation services - explicit charges (fees)
C346,COMMODITY,Other services related to credit intermediation
C347,COMMODITY,Investment banking services
C348,COMMODITY,Security brokerage and securities dealing services
C349,COMMODITY,Portfolio management services
C350,COMMODITY,Investment counselling services
C351,COMMODITY,Holding company services and other financial investment and related activities
C352,COMMODITY,Life insurance services
C353,COMMODITY,Accident and sickness insurance services
C354,COMMODITY,Automotive insurance services
C355,COMMODITY,Property insurance services
C356,COMMODITY,Liability and other property and casualty insurance services
C357,COMMODITY,Brokerage and other insurance related services
C358,COMMODITY,Trusteed pension fund services
C359,COMMODITY,Mutual funds (cost of service) and other similar services
C360,COMMODITY,Deposit intermediation services indirectly measured (FISIM)
C361,COMMODITY,Residential mortgage intermediation services indirectly measured (FISIM)
C362,COMMODITY,Other loan intermediation services indirectly measured (FISIM)
C363,COMMODITY,Rental of residential real estate
C364,COMMODITY,Rental of non-residential real estate
C365,COMMODITY,Imputed rental of owner-occupied dwellings
C366,COMMODITY,Real estate brokerage and other services related to real estate
C367,COMMODITY,Motor vehicle rental and leasing services
C368,COMMODITY,Computer equipment rental and leasing services
C369,COMMODITY,Office machinery and equipment (except computer equipment) rental and leasing services
C370,COMMODITY,Commercial and industrial machinery and equipment (except office equipment) rental and leasing services
C371,COMMODITY,Rental and leasing services of other goods
C372,COMMODITY,Licensing of rights to non-financial produced intangible assets (except software and other copyright licensing)
C373,COMMODITY,Legal services
C374,COMMODITY,"Accounting, tax preparation, bookkeeping and payroll services"
C375,COMMODITY,"Architectural, engineering and related services"
C376,COMMODITY,Specialized design services
C377,COMMODITY,Custom software design and development services
C378,COMMODITY,Own-account software design and development services
C379,COMMODITY,Computer systems design and related services (except software development)
C380,COMMODITY,"Management, scientific and technical consulting services"
C381,COMMODITY,Research and development services
C382,COMMODITY,Own-account research and development (except software development)
C383,COMMODITY,"Advertising, public relations and related services"
C384,COMMODITY,Photographic services
C385,COMMODITY,Veterinary services
C386,COMMODITY,"Other professional, scientific and technical services"
C387,COMMODITY,Holding company services (imputed)
C388,COMMODITY,Head office services (imputed)
C389,COMMODITY,Office administrative services
C390,COMMODITY,Employment services
C391,COMMODITY,Business support services
C392,COMMODITY,"Travel arrangement, reservation and planning services"
C393,COMMODITY,Investigation and security services
C394,COMMODITY,Services to buildings and dwellings
C395,COMMODITY,Facilities and other support services
C396,COMMODITY,Waste management and remediation services
C397,COMMODITY,Tuition and similar fees for elementary and secondary schools
C398,COMMODITY,Tuition and similar fees for colleges and C.E.G.E.P.s
C399,COMMODITY,Tuition and similar fees for universities
C400,COMMODITY,"Tuition and similar fees for trade, technical and professional training"
C401,COMMODITY,Other educational training and services
C402,COMMODITY,Physician services
C403,COMMODITY,Dental services
C404,COMMODITY,Other health practitioner services
C405,COMMODITY,Medical laboratory diagnostic and testing services
C406,COMMODITY,Ambulance services
C407,COMMODITY,Hospital services
C408,COMMODITY,Nursing and residential care services
C409,COMMODITY,Child day-care services
C410,COMMODITY,Other ambulatory health care services and social assistance services
C411,COMMODITY,Admissions to live sporting events
C412,COMMODITY,Admissions to live performing arts performances
C413,COMMODITY,Sport and performing arts event organization and support services
C414,COMMODITY,Career management and representation services of public figures
C415,COMMODITY,"Contract production of live performing arts performances, live sporting events and copyrighted works"
C416,COMMODITY,Licensing of rights to use copyrighted works and media rights
C417,COMMODITY,Technical artistic services
C418,COMMODITY,Heritage institution services
C419,COMMODITY,Amusement and recreation services
C420,COMMODITY,Gambling (net wagers)
C421,COMMODITY,Room or unit accommodation services for travellers
C422,COMMODITY,Recreational vehicle park and recreational camp services
C423,COMMODITY,Rooming and boarding services
C424,COMMODITY,Prepared meals
C425,COMMODITY,Alcoholic beverages for immediate consumption
C426,COMMODITY,Motor vehicle repair and maintenance services
C427,COMMODITY,Repair and maintenance services (except for buildings and motor vehicles)
C428,COMMODITY,Funeral services
C429,COMMODITY,Laundry and dry-cleaning services
C430,COMMODITY,Hair care and aesthetic services
C431,COMMODITY,Parking services
C432,COMMODITY,Other personal and personal care services
C433,COMMODITY,Other membership services
C434,COMMODITY,Babysitting services
C435,COMMODITY,Private household services (except babysitting)
C436,COMMODITY,Sales of other services by Non-Profit Institutions Serving Households
C437,COMMODITY,Sales of other government services
C438,COMMODITY,Repair and maintenance
C439,COMMODITY,Operating supplies
C440,COMMODITY,Office supplies
C441,COMMODITY,"Advertising, promotion, meals and entertainment"
C442,COMMODITY,"Travel, meetings and conventions"
C443,COMMODITY,Transportation margins
C444,COMMODITY,Educational services provided by Non-Profit Institutions Serving Households
C445,COMMODITY,Ambulatory health care services provided by Non-Profit Institutions Serving Households
C446,COMMODITY,Social assistance services provided by Non-Profit Institutions Serving Households
C447,COMMODITY,"Arts, entertainment and recreation services provided by Non-Profit Institutions Serving Households"
C448,COMMODITY,Religious services
C449,COMMODITY,"Grant-making, civic, and professional and similar organization services"
C450,COMMODITY,Labour organization membership services
C451,COMMODITY,Political organization services
C452,COMMODITY,Other services provided by Non-Profit Institutions Serving Households
C453,COMMODITY,Elementary and secondary school services provided by governments
C454,COMMODITY,Community college and C.E.G.E.P services provided by governments
C455,COMMODITY,University services provided by governments
C456,COMMODITY,Other educational services provided by governments
C457,COMMODITY,Hospital services provided by governments
C458,COMMODITY,Residential care facility services provided by governments
C459,COMMODITY,Defence services
C460,COMMODITY,Other federal government services
C461,COMMODITY,Other provincial and territorial government services
C462,COMMODITY,Other municipal government services
C463,COMMODITY,Other aboriginal government services
C473,COMMODITY,Copper ores and concentrates
C474,COMMODITY,Nickel ores and concentrates
C475,COMMODITY,Lead and zinc ores and concentrates
C476,COMMODITY,Radioactive ores and concentrates
C477,COMMODITY,Other metal ores and concentrates
C478,COMMODITY,"Stemmed, redried or reconstituted tobacco"
C479,COMMODITY,"Cigarettes, cigars, chewing and smoking tobacco"
C480,COMMODITY,Lubricants and other petroleum refinery products
C481,COMMODITY,Other petroleum and coal products
C482,COMMODITY,Bauxite and aluminum oxide
C483,COMMODITY,Unwrought aluminum including alloys
C484,COMMODITY,Unwrought copper including alloys
C485,COMMODITY,Unwrought nickel including alloys
C486,COMMODITY,Unwrought precious metals including alloys
C487,COMMODITY,Other unwrought non-ferrous metals including alloys
C488,COMMODITY,"Gold, store of value"
C489,COMMODITY,Aircraft
C490,COMMODITY,Aircraft engines
C491,COMMODITY,Postal services
C492,COMMODITY,"Courier, parcel, and local messenger and delivery services"
C493,COMMODITY,Fresh fruits and nuts
C494,COMMODITY,Other miscellaneous crop products
C495,COMMODITY,Conventional crude oil
C496,COMMODITY,Synthetic crude oil
C497,COMMODITY,Non-metallic minerals (except diamonds)
C498,COMMODITY,Flour and other grain mill products
C499,COMMODITY,"Grain and oilseed products, n.e.c."
C500,COMMODITY,Prefabricated wood and manufactured (mobile) buildings and components
C501,COMMODITY,"Wood products, n.e.c."
C502,COMMODITY,Lubricants and other petroleum refinery products
C503,COMMODITY,"Solid fuel products, n.e.c."
C504,COMMODITY,Other basic inorganic chemicals
C505,COMMODITY,Forged and stamped metal products
C506,COMMODITY,Other architectural metal products
C507,COMMODITY,"Fabricated metal products, n.e.c."
C508,COMMODITY,"Computers, computer peripherals and parts"
C509,COMMODITY,Medical devices
C510,COMMODITY,"Measuring, control and scientific instruments"
C511,COMMODITY,Small electric appliances
C512,COMMODITY,Major appliances
C513,COMMODITY,Office furniture
C514,COMMODITY,Office and store fixtures
C515,COMMODITY,Wholesale margins - farm products
C516,COMMODITY,Wholesale margins - petroleum and petroleum products
C517,COMMODITY,"Wholesale margins - food, beverages and tobacco products"
C518,COMMODITY,Wholesale margins - personal and household goods
C519,COMMODITY,"Wholesale margins - motor vehicles, motor vehicle parts and accessories"
C520,COMMODITY,Wholesale margins - building materials and supplies
C521,COMMODITY,"Wholesale margins - machinery, equipment and supplies"
C522,COMMODITY,Wholesale margins - miscellaneous products
C523,COMMODITY,Retail margins - motor vehicles and parts
C524,COMMODITY,Retail margins - furniture and home furnishings
C525,COMMODITY,Retail margins - electronics and appliances
C526,COMMODITY,"Retail margins - building materials, garden equipment and supplies"
C527,COMMODITY,Retail margins - food and beverages
C528,COMMODITY,Retail margins - health and personal care products
C529,COMMODITY,Retail margins - automotive fuels
C530,COMMODITY,Retail margins - clothing and clothing accessories
C531,COMMODITY,Retail margins - sporting and leisure products
C532,COMMODITY,Retail margins - miscellaneous products
C533,COMMODITY,Retail margins - household fuels
C534,COMMODITY,Truck transportation services for general freight
C535,COMMODITY,Truck transportation services for specialized freight
C536,COMMODITY,Licensing of rights to use literary works and artistic works (except software licensing)
C537,COMMODITY,Other information services
C538,COMMODITY,Broadcast and other media rights
C539,COMMODITY,"Cannabis plants, seeds and flowering tops"
C540,COMMODITY,"Cannabis products (except plants, seeds and flowering tops)"
C541,COMMODITY,Retail margins - miscellaneous products (except cannabis)
C542,COMMODITY,Retail margins - cannabis products (licensed)
C543,COMMODITY,Retail margins - cannabis products (unlicensed)
MRG_TRD,MARGIN,Trade margins
MRG_TNS,MARGIN,"Transportation, gas and storage margins"
I009,INDUSTRY,"Crop production (except cannabis, greenhouse, nursery and floriculture production)"
I010,INDUSTRY,"Greenhouse, nursery and floriculture production"
I011,INDUSTRY,Animal production (except aquaculture)
I012,INDUSTRY,Aquaculture
I013,INDUSTRY,Forestry and logging
I014,INDUSTRY,"Fishing, hunting and trapping"
I015,INDUSTRY,Support activities for crop and animal production
I016,INDUSTRY,Support activities for forestry
I017,INDUSTRY,Conventional oil and gas extraction
I018,INDUSTRY,Non-conventional oil extraction
I019,INDUSTRY,Coal mining
I020,INDUSTRY,Iron ore mining
I021,INDUSTRY,Gold and silver ore mining
I022,INDUSTRY,"Copper, nickel, lead and zinc ore mining"
I023,INDUSTRY,Other metal ore mining
I024,INDUSTRY,Stone mining and quarrying
I025,INDUSTRY,"Sand, gravel, clay, and ceramic and refractory minerals mining and quarrying"
I026,INDUSTRY,Diamond mining
I027,INDUSTRY,Other non-metallic mineral mining and quarrying (except diamond and potash)
I028,INDUSTRY,Potash mining
I029,INDUSTRY,Support activities for oil and gas extraction
I030,INDUSTRY,Support activities for mining
I031,INDUSTRY,"Electric power generation, transmission and distribution"
I032,INDUSTRY,Natural gas distribution
I033,INDUSTRY,"Water, sewage and other systems"
I034,INDUSTRY,Residential building construction
I035,INDUSTRY,Non-residential building construction
I036,INDUSTRY,Transportation engineering construction
I037,INDUSTRY,Oil and gas engineering construction
I038,INDUSTRY,Electric power engineering construction
I039,INDUSTRY,Communication engineering construction
I040,INDUSTRY,Other engineering construction
I041,INDUSTRY,Repair construction
I042,INDUSTRY,Other activities of the construction industry
I043,INDUSTRY,Animal food manufacturing
I044,INDUSTRY,Grain and oilseed milling
I045,INDUSTRY,Sugar and confectionery product manufacturing
I046,INDUSTRY,Fruit and vegetable preserving and specialty food manufacturing
I047,INDUSTRY,Dairy product manufacturing
I048,INDUSTRY,Meat product manufacturing
I049,INDUSTRY,Seafood product preparation and packaging
I050,INDUSTRY,Bakeries and tortilla manufacturing
I051,INDUSTRY,Other food manufacturing
I052,INDUSTRY,Soft drink and ice manufacturing
I053,INDUSTRY,Breweries
I054,INDUSTRY,Wineries and distilleries
I055,INDUSTRY,Tobacco manufacturing
I056,INDUSTRY,Textile and textile product mills
I057,INDUSTRY,Clothing and leather and allied product manufacturing
I058,INDUSTRY,Sawmills and wood preservation
I059,INDUSTRY,"Veneer, plywood and engineered wood product manufacturing"
I060,INDUSTRY,Other wood product manufacturing
I061,INDUSTRY,"Pulp, paper and paperboard mills"
I062,INDUSTRY,Converted paper product manufacturing
I063,INDUSTRY,Printing and related support activities
I064,INDUSTRY,Petroleum refineries
I065,INDUSTRY,Petroleum and coal product manufacturing (except petroleum refineries)
I066,INDUSTRY,Basic chemical manufacturing
I068,INDUSTRY,"Pesticide, fertilizer and other agricultural chemical manufacturing"
I069,INDUSTRY,Pharmaceutical and medicine manufacturing
I070,INDUSTRY,"Soap, cleaning compound and toilet preparation manufacturing"
I071,INDUSTRY,Other chemical product manufacturing
I072,INDUSTRY,Plastic product manufacturing
I073,INDUSTRY,Rubber product manufacturing
I074,INDUSTRY,Non-metallic mineral product manufacturing (except cement and concrete products)
I075,INDUSTRY,Cement and concrete product manufacturing
I076,INDUSTRY,Iron and steel mills and ferro-alloy manufacturing
I077,INDUSTRY,Steel product manufacturing from purchased steel
I078,INDUSTRY,Alumina and aluminum production and processing
I079,INDUSTRY,Non-ferrous metal (except aluminum) production and processing
I080,INDUSTRY,Foundries
I081,INDUSTRY,Forging and stamping
I082,INDUSTRY,"Cutlery, hand tools and other fabricated metal product manufacturing"
I083,INDUSTRY,Architectural and structural metals manufacturing
I084,INDUSTRY,"Boiler, tank and shipping container manufacturing"
I085,INDUSTRY,Hardware manufacturing
I086,INDUSTRY,Spring and wire product manufacturing
I087,INDUSTRY,"Machine shops, turned product, and screw, nut and bolt manufacturing"
I088,INDUSTRY,"Coating, engraving, cold and heat treating and allied activities"
I089,INDUSTRY,"Agricultural, construction and mining machinery manufacturing"
I090,INDUSTRY,Industrial machinery manufacturing
I091,INDUSTRY,Commercial and service industry machinery manufacturing
I092,INDUSTRY,"Ventilation, heating, air-conditioning and commercial refrigeration equipment manufacturing"
I093,INDUSTRY,Metalworking machinery manufacturing
I094,INDUSTRY,"Engine, turbine and power transmission equipment manufacturing"
I095,INDUSTRY,Other general-purpose machinery manufacturing
I096,INDUSTRY,Computer and peripheral equipment manufacturing
I097,INDUSTRY,Communications equipment manufacturing
I098,INDUSTRY,Other electronic product manufacturing
I099,INDUSTRY,Semiconductor and other electronic component manufacturing
I100,INDUSTRY,Electric lighting equipment manufacturing
I101,INDUSTRY,Household appliance manufacturing
I102,INDUSTRY,Electrical equipment manufacturing
I103,INDUSTRY,Other electrical equipment and component manufacturing
I104,INDUSTRY,Automobile and light-duty motor vehicle manufacturing
I105,INDUSTRY,Heavy-duty truck manufacturing
I106,INDUSTRY,Motor vehicle body and trailer manufacturing
I107,INDUSTRY,Motor vehicle gasoline engine and engine parts manufacturing
I108,INDUSTRY,Motor vehicle electrical and electronic equipment manufacturing
I109,INDUSTRY,Motor vehicle steering and suspension components (except spring) manufacturing
I110,INDUSTRY,Motor vehicle brake system manufacturing
I111,INDUSTRY,Motor vehicle transmission and power train parts manufacturing
I112,INDUSTRY,Motor vehicle seating and interior trim manufacturing
I113,INDUSTRY,Motor vehicle metal stamping
I114,INDUSTRY,Other motor vehicle parts manufacturing
I115,INDUSTRY,Aerospace product and parts manufacturing
I116,INDUSTRY,Railroad rolling stock manufacturing
I117,INDUSTRY,Ship and boat building
I118,INDUSTRY,Other transportation equipment manufacturing
I119,INDUSTRY,Household and institutional furniture and kitchen cabinet manufacturing
I120,INDUSTRY,Office furniture (including fixtures) manufacturing
I121,INDUSTRY,Other furniture-related product manufacturing
I122,INDUSTRY,Medical equipment and supplies manufacturing
I123,INDUSTRY,Other miscellaneous manufacturing
I124,INDUSTRY,Farm product merchant wholesalers
I125,INDUSTRY,Petroleum and petroleum products merchant wholesalers
I126,INDUSTRY,"Food, beverage and tobacco merchant wholesalers"
I127,INDUSTRY,Personal and household goods merchant wholesalers
I128,INDUSTRY,Motor vehicle and motor vehicle parts and accessories merchant wholesalers
I129,INDUSTRY,Building material and supplies merchant wholesalers
I130,INDUSTRY,"Machinery, equipment and supplies merchant wholesalers"
I131,INDUSTRY,Miscellaneous merchant wholesalers
I132,INDUSTRY,"Business-to-business electronic markets, and agents and brokers"
I133,INDUSTRY,Motor vehicle and parts dealers
I134,INDUSTRY,Furniture and home furnishings stores
I135,INDUSTRY,Electronics and appliance stores
I136,INDUSTRY,Building material and garden equipment and supplies dealers
I137,INDUSTRY,Food and beverage stores
I138,INDUSTRY,Health and personal care stores
I139,INDUSTRY,Gasoline stations
I140,INDUSTRY,Clothing and clothing accessories stores
I141,INDUSTRY,"Sporting goods, hobby, book and music stores"
I142,INDUSTRY,General merchandise stores
I143,INDUSTRY,Miscellaneous store retailers
I144,INDUSTRY,Non-store retailers
I145,INDUSTRY,Air transportation
I146,INDUSTRY,Rail transportation
I147,INDUSTRY,Water transportation
I148,INDUSTRY,Truck transportation
I149,INDUSTRY,Urban transit systems
I150,INDUSTRY,Other transit and ground passenger transportation and scenic and sightseeing transportation
I151,INDUSTRY,Taxi and limousine service
I152,INDUSTRY,Crude oil and other pipeline transportation
I153,INDUSTRY,Pipeline transportation of natural gas
I154,INDUSTRY,Support activities for transportation
I156,INDUSTRY,Warehousing and storage
I157,INDUSTRY,Newspaper publishers
I158,INDUSTRY,"Periodical, book and directory publishers"
I159,INDUSTRY,Software publishers
I160,INDUSTRY,Motion picture and video industries (except exhibition)
I161,INDUSTRY,Motion picture and video exhibition
I162,INDUSTRY,Sound recording industries
I163,INDUSTRY,Radio and television broadcasting
I164,INDUSTRY,Pay and specialty television
I165,INDUSTRY,Telecommunications
I166,INDUSTRY,"Data processing, hosting, and related services"
I167,INDUSTRY,Other information services
I168,INDUSTRY,Monetary authorities - central bank
I169,INDUSTRY,Banking and other depository credit intermediation
I170,INDUSTRY,Local credit unions
I171,INDUSTRY,Non-depository credit intermediation
I172,INDUSTRY,Activities related to credit intermediation
I173,INDUSTRY,"Financial investment services, funds and other financial vehicles"
I174,INDUSTRY,Insurance carriers
I175,INDUSTRY,"Agencies, brokerages and other insurance related activities"
I176,INDUSTRY,Lessors of real estate
I177,INDUSTRY,Offices of real estate agents and brokers and activities related to real estate
I178,INDUSTRY,Owner-occupied dwellings
I179,INDUSTRY,Automotive equipment rental and leasing
I180,INDUSTRY,Rental and leasing services (except automotive equipment)
I181,INDUSTRY,Lessors of non-financial intangible assets (except copyrighted works)
I182,INDUSTRY,Legal services
I183,INDUSTRY,"Accounting, tax preparation, bookkeeping and payroll services"
I184,INDUSTRY,"Architectural, engineering and related services"
I185,INDUSTRY,Specialized design services
I186,INDUSTRY,Computer systems design and related services
I187,INDUSTRY,"Management, scientific and technical consulting services"
I188,INDUSTRY,Scientific research and development services
I189,INDUSTRY,"Advertising, public relations, and related services"
I190,INDUSTRY,"Other professional, scientific and technical services"
I191,INDUSTRY,Holding companies
I192,INDUSTRY,Office administrative services
I193,INDUSTRY,Facilities and other support services
I194,INDUSTRY,Employment services
I195,INDUSTRY,Business support services
I196,INDUSTRY,Travel arrangement and reservation services
I197,INDUSTRY,Investigation and security services
I198,INDUSTRY,Services to buildings and dwellings
I199,INDUSTRY,Waste management and remediation services
I200,INDUSTRY,Educational services
I201,INDUSTRY,Offices of physicians
I202,INDUSTRY,Offices of dentists
I203,INDUSTRY,Miscellaneous ambulatory health care services
I204,INDUSTRY,Nursing and residential care facilities
I205,INDUSTRY,Social assistance
I206,INDUSTRY,"Performing arts, spectator sports and related industries, and heritage institutions"
I207,INDUSTRY,Amusement and recreation industries
I208,INDUSTRY,Gambling industries
I209,INDUSTRY,Traveller accommodation
I210,INDUSTRY,"Recreational vehicle (RV) parks, recreational camps, and rooming and boarding houses"
I211,INDUSTRY,Food services and drinking places
I212,INDUSTRY,Automotive repair and maintenance
I213,INDUSTRY,Repair and maintenance (except automotive)
I214,INDUSTRY,Personal care services and other personal services
I215,INDUSTRY,Funeral services
I216,INDUSTRY,Dry cleaning and laundry services
I217,INDUSTRY,"Business, professional and other membership organizations"
I218,INDUSTRY,Private households
I219,INDUSTRY,Repair and maintenance
I220,INDUSTRY,Operating supplies
I221,INDUSTRY,Office supplies
I222,INDUSTRY,"Advertising, promotion, meals and entertainment"
I223,INDUSTRY,"Travel, meetings and conventions"
I224,INDUSTRY,Transportation margins
I225,INDUSTRY,Educational services
I226,INDUSTRY,Ambulatory health care services
I227,INDUSTRY,Social assistance
I228,INDUSTRY,"Arts, entertainment and recreation"
I229,INDUSTRY,Religious organizations
I230,INDUSTRY,"Grant-making, civic, and professional and similar organizations"
I231,INDUSTRY,Other non-profit institutions serving households
I232,INDUSTRY,Elementary and secondary schools
I233,INDUSTRY,Community colleges and C.E.G.E.P.s
I234,INDUSTRY,Universities
I235,INDUSTRY,Other educational services
I236,INDUSTRY,Hospitals
I237,INDUSTRY,Nursing and residential care facilities
I238,INDUSTRY,Defence services
I239,INDUSTRY,Other federal government services (except defence)
I240,INDUSTRY,Other provincial and territorial government services
I241,INDUSTRY,Other municipal government services
I242,INDUSTRY,Other aboriginal government services
I519,INDUSTRY,"Resin, synthetic rubber, and artificial and synthetic fibres and filaments manufacturing"
I520,INDUSTRY,"Paint, coating and adhesive manufacturing"
I521,INDUSTRY,Postal service
I522,INDUSTRY,Couriers and messengers
I539,INDUSTRY,"Greenhouse, nursery and floriculture production (except cannabis)"
I540,INDUSTRY,Cannabis production (licensed)
I541,INDUSTRY,Cannabis production (unlicensed)
I542,INDUSTRY,Oil and gas extraction (except oil sands)
I543,INDUSTRY,Oil sands extraction
I544,INDUSTRY,Miscellaneous store retailers (except cannabis)
I545,INDUSTRY,Cannabis stores (licensed)
I546,INDUSTRY,Cannabis stores (unlicensed)
P1000,FACTOR,Taxes on products
P2000,FACTOR,Subsidies on products
P3000,FACTOR,Subsidies on production
P4000,FACTOR,Taxes on production
P5000,FACTOR,Wages and salaries
P6000,FACTOR,Employers social contributions
P7000,FACTOR,Gross mixed income
P8000,FACTOR,Gross operating surplus
HH1,AGENT,Households primary income
NPSH1,AGENT,Non-profit institutions serving households primary income
CORP1,AGENT,Corporations primary income
GOV1,AGENT,General government primary income
HH2,AGENT,Households secondary distribution of income
NPSH2,AGENT,Non-profit institutions serving households secondary distribution of income
CORP2,AGENT,Corporations secondary distribution of income
GOV2,AGENT,General government secondary distribution of income
HH3,AGENT,Households disposable income
NPSH3,AGENT,Non-profit institutions serving households disposable income
CORP3,AGENT,Corporations disposable income
GOV3,AGENT,General government disposable income
HH_CAP,AGENTCAP,Households capital account
NPSH_CAP,AGENTCAP,Non-profit institutions serving households capital account
CORP_CAP,AGENTCAP,Corporations capital account
GOV_CAP,AGENTCAP,General government capital account
GFCF_HH,GFCF,"Construction, residential structures"
GFCF_001,GFCF,Crop production
GFCF_002,GFCF,Animal production
GFCF_003,GFCF,Forestry and logging
GFCF_004,GFCF,"Fishing, hunting and trapping"
GFCF_005,GFCF,Support activities for agriculture and forestry
GFCF_006,GFCF,Oil and gas extraction (except oil sands)
GFCF_007,GFCF,Oil sands extraction
GFCF_008,GFCF,Mining and quarrying (except oil and gas)
GFCF_009,GFCF,"Support activities for mining, and oil and gas extraction"
GFCF_010,GFCF,Utilities
GFCF_011,GFCF,Construction
GFCF_012,GFCF,Food manufacturing
GFCF_013,GFCF,Beverage and tobacco product manufacturing
GFCF_014,GFCF,Textile and textile product mills
GFCF_015,GFCF,Clothing and leather and allied product manufacturing
GFCF_016,GFCF,Wood product manufacturing
GFCF_017,GFCF,Paper manufacturing
GFCF_018,GFCF,Printing and related support activities
GFCF_019,GFCF,Petroleum and coal product manufacturing
GFCF_020,GFCF,Chemical manufacturing
GFCF_021,GFCF,Plastics and rubber products manufacturing
GFCF_022,GFCF,Non-metallic mineral product manufacturing
GFCF_023,GFCF,Primary metal manufacturing
GFCF_024,GFCF,Fabricated metal product manufacturing
GFCF_025,GFCF,Machinery manufacturing
GFCF_026,GFCF,Computer and electronic product manufacturing
GFCF_027,GFCF,"Electrical equipment, appliance and component manufacturing"
GFCF_028,GFCF,Transportation equipment manufacturing
GFCF_029,GFCF,Furniture and related product manufacturing
GFCF_030,GFCF,Miscellaneous manufacturing
GFCF_031,GFCF,Wholesale trade
GFCF_032,GFCF,Retail trade
GFCF_033,GFCF,Transportation and warehousing
GFCF_034,GFCF,Information and cultural industries
GFCF_035,GFCF,Finance and insurance
GFCF_036,GFCF,Real estate and rental and leasing
GFCF_037,GFCF,"Professional, scientific and technical services"
GFCF_038,GFCF,Holding companies
GFCF_039,GFCF,"Administrative and support, waste management and remediation services"
GFCF_040,GFCF,Educational services
GFCF_041,GFCF,Health care and social assistance
GFCF_042,GFCF,"Arts, entertainment and recreation"
GFCF_043,GFCF,Accommodation and food services
GFCF_044,GFCF,Other services
GFCF_045,GFCF,Non-profit institutions serving households
GFCF_046,GFCF,"Governments, educational services"
GFCF_047,GFCF,"Governments, hospitals"
GFCF_048,GFCF,"Governments, nursing and residential care facilities"
GFCF_049,GFCF,"Governments, defence services"
GFCF_050,GFCF,"Governments, other federal government services (except defence)"
GFCF_051,GFCF,"Governments, other provincial and territorial government services"
GFCF_052,GFCF,"Governments, other municipal government services"
GFCF_053,GFCF,"Governments, other aboriginal government services"
INV,INVENTORY,Inventories
INT_RES,FINANCIAL,Official international reserves
CUR_DEPO,FINANCIAL,Total currency and deposits
DEBT_SEC,FINANCIAL,Debt securities
LOANS,FINANCIAL,Loans
INV_FUN,FINANCIAL,Equity and investment funds
PENSIONS,FINANCIAL,Life insurance and pensions
OTHERS,FINANCIAL,Other accounts
RoW,ROW,Rest of the world